{"Modules":[{"Key":"security-group_mysql.sg","Source":"../../","Dir":".terraform/modules/security-group_mysql"},{"Key":"security-group-frontend","Source":"terraform-aws-modules/security-group/aws","Version":"3.18.0","Dir":".terraform/modules/security-group-frontend"},{"Key":"1.networking;./modules/network","Source":"./modules/network","Dir":".terraform/modules/e7f8d0efa0b7aa04eed7590e69fae576"},{"Key":"security-group_frontend-lb-http","Source":"terraform-aws-modules/security-group/aws//modules/http-80","Version":"3.18.0","Dir":".terraform/modules/security-group_frontend-lb-http/modules/http-80"},{"Key":"security-group_mysql","Source":"terraform-aws-modules/security-group/aws//modules/mysql","Version":"3.18.0","Dir":".terraform/modules/security-group_mysql/modules/mysql"},{"Key":"elb_http.elb_attachment","Source":"./modules/elb_attachment","Dir":".terraform/modules/elb_http/modules/elb_attachment"},{"Key":"banking-solution-servers","Source":"./modules/ec2-instance","Dir":"modules/ec2-instance"},{"Key":"security-group_frontend","Source":"terraform-aws-modules/security-group/aws","Version":"3.18.0","Dir":".terraform/modules/security-group_frontend"},{"Key":"elb_http","Source":"terraform-aws-modules/elb/aws","Version":"2.5.0","Dir":".terraform/modules/elb_http"},{"Key":"security-group_frontend-lb-http.sg","Source":"../../","Dir":".terraform/modules/security-group_frontend-lb-http"},{"Key":"","Source":"","Dir":"."},{"Key":"elb_http.elb","Source":"./modules/elb","Dir":".terraform/modules/elb_http/modules/elb"},{"Key":"networking","Source":"./modules/network","Dir":"modules/network"},{"Key":"mysql-server","Source":"./modules/ec2-instance","Dir":"modules/ec2-instance"}]}